File,Text Length,Pattern length,Naive avg_time,KMP avg_time,RabinKarp avg_time,Naive comparisons,KMP comparisons,RabinKarp comparisons
bad_t_1.txt,10,2,0.002300262451171875,0.002129077911376953,0.002835512161254883,27.0,28.0,12.0
bad_t_2.txt,100,10,0.02040553092956543,0.0230405330657959,0.022913217544555664,1001.0,290.0,102.0
bad_t_3.txt,1000,100,0.21490979194641113,0.2549123764038086,0.24477410316467282,91001.0,2900.0,1002.0
bad_t_4.txt,5000,1000,1.2939245700836182,1.3587391376495361,1.175182819366455,4005001.0,14000.0,5002.0
good_t_1.txt,694,17,0.17260527610778809,0.1378476619720459,0.22014188766479492,12204.0,1407.0,696.0
good_t_2.txt,1158,85,0.2776501178741455,0.21866250038146973,0.3597898483276367,92364.0,2316.0,1160.0
good_t_3.txt,3438,381,0.895566463470459,0.774667501449585,1.1014440059661865,1168156.0,6977.0,3440.0
good_t_4.txt,10714,92,2.7541751861572266,2.1657326221466064,3.6057546138763428,987939.0,21428.0,10716.0
