File,Text Length,Pattern length,Naive avg_time,KMP avg_time,RabinKarp avg_time,Naive comparisons,KMP comparisons,RabinKarp comparisons
bad_t_1.txt,10,2,0.004549264907836914,0.002157926559448242,0.003206491470336914,27.0,28.0,12.0
bad_t_2.txt,100,10,0.06390905380249023,0.0232088565826416,0.023473501205444336,1001.0,290.0,102.0
bad_t_3.txt,1000,100,2.9871530532836914,0.2549705505371094,0.24328064918518066,91001.0,2900.0,1002.0
bad_t_4.txt,5000,1000,152.27085947990417,1.3212933540344238,1.193284034729004,4005001.0,14000.0,5002.0
good_t_1.txt,694,17,0.34276318550109863,0.138671875,0.21974754333496094,1392.0,1407.0,696.0
good_t_2.txt,1158,85,0.5457184314727783,0.21747779846191406,0.3654956817626953,2232.0,2316.0,1160.0
good_t_3.txt,3438,381,1.7581264972686768,0.7766067981719971,1.1177539825439453,6612.0,6977.0,3440.0
good_t_4.txt,10714,92,5.445505142211914,2.105520725250244,3.6695446968078613,21337.0,21428.0,10716.0
